timeStamp,elapsed,label,responseCode,responseMessage,threadName,dataType,success,failureMessage,bytes,sentBytes,grpThreads,allThreads,URL,Latency,IdleTime,Connect
1614011536229,534,Suma,200,OK,Grupo de Hilos 1-1,text,true,,585,548,1,1,http://www.dneonline.com/calculator.asmx,530,0,360
1614011536766,158,Suma,200,OK,Grupo de Hilos 1-1,text,true,,585,548,1,1,http://www.dneonline.com/calculator.asmx,158,0,0
1614011536924,158,Suma,200,OK,Grupo de Hilos 1-1,text,true,,585,548,1,1,http://www.dneonline.com/calculator.asmx,158,0,0
1614011537083,156,Suma,200,OK,Grupo de Hilos 1-1,text,true,,585,548,2,2,http://www.dneonline.com/calculator.asmx,156,0,0
1614011537240,158,Suma,200,OK,Grupo de Hilos 1-1,text,true,,585,548,2,2,http://www.dneonline.com/calculator.asmx,158,0,0
1614011537111,333,Suma,200,OK,Grupo de Hilos 1-2,text,true,,585,548,2,2,http://www.dneonline.com/calculator.asmx,333,0,166
1614011537398,157,Suma,200,OK,Grupo de Hilos 1-1,text,true,,585,548,2,2,http://www.dneonline.com/calculator.asmx,157,0,0
1614011537445,161,Suma,200,OK,Grupo de Hilos 1-2,text,true,,585,548,2,2,http://www.dneonline.com/calculator.asmx,161,0,0
1614011537555,155,Suma,200,OK,Grupo de Hilos 1-1,text,true,,585,548,2,2,http://www.dneonline.com/calculator.asmx,155,0,0
1614011537607,155,Suma,200,OK,Grupo de Hilos 1-2,text,true,,585,548,2,2,http://www.dneonline.com/calculator.asmx,155,0,0
1614011537710,157,Suma,200,OK,Grupo de Hilos 1-1,text,true,,585,548,2,2,http://www.dneonline.com/calculator.asmx,157,0,0
1614011537762,157,Suma,200,OK,Grupo de Hilos 1-2,text,true,,585,548,2,2,http://www.dneonline.com/calculator.asmx,157,0,0
1614011537868,155,Suma,200,OK,Grupo de Hilos 1-1,text,true,,585,548,2,2,http://www.dneonline.com/calculator.asmx,155,0,0
1614011537920,155,Suma,200,OK,Grupo de Hilos 1-2,text,true,,585,548,2,2,http://www.dneonline.com/calculator.asmx,155,0,0
1614011538024,155,Suma,200,OK,Grupo de Hilos 1-1,text,true,,585,548,3,3,http://www.dneonline.com/calculator.asmx,155,0,0
1614011538075,157,Suma,200,OK,Grupo de Hilos 1-2,text,true,,585,548,2,2,http://www.dneonline.com/calculator.asmx,157,0,0
1614011538233,155,Suma,200,OK,Grupo de Hilos 1-2,text,true,,585,548,2,2,http://www.dneonline.com/calculator.asmx,155,0,0
1614011538109,318,Suma,200,OK,Grupo de Hilos 1-3,text,true,,585,548,2,2,http://www.dneonline.com/calculator.asmx,318,0,163
1614011538388,193,Suma,200,OK,Grupo de Hilos 1-2,text,true,,585,548,2,2,http://www.dneonline.com/calculator.asmx,193,0,0
1614011538428,156,Suma,200,OK,Grupo de Hilos 1-3,text,true,,585,548,2,2,http://www.dneonline.com/calculator.asmx,156,0,0
1614011538581,156,Suma,200,OK,Grupo de Hilos 1-2,text,true,,585,548,2,2,http://www.dneonline.com/calculator.asmx,156,0,0
1614011538585,156,Suma,200,OK,Grupo de Hilos 1-3,text,true,,585,548,2,2,http://www.dneonline.com/calculator.asmx,156,0,0
1614011538737,157,Suma,200,OK,Grupo de Hilos 1-2,text,true,,585,548,2,2,http://www.dneonline.com/calculator.asmx,157,0,0
1614011538741,156,Suma,200,OK,Grupo de Hilos 1-3,text,true,,585,548,1,1,http://www.dneonline.com/calculator.asmx,156,0,0
1614011538897,160,Suma,200,OK,Grupo de Hilos 1-3,text,true,,585,548,1,1,http://www.dneonline.com/calculator.asmx,160,0,0
1614011539058,151,Suma,200,OK,Grupo de Hilos 1-3,text,true,,585,548,2,2,http://www.dneonline.com/calculator.asmx,151,0,0
1614011539210,156,Suma,200,OK,Grupo de Hilos 1-3,text,true,,585,548,2,2,http://www.dneonline.com/calculator.asmx,156,0,0
1614011539109,317,Suma,200,OK,Grupo de Hilos 1-4,text,true,,585,548,2,2,http://www.dneonline.com/calculator.asmx,316,0,157
1614011539367,157,Suma,200,OK,Grupo de Hilos 1-3,text,true,,585,548,2,2,http://www.dneonline.com/calculator.asmx,157,0,0
1614011539426,155,Suma,200,OK,Grupo de Hilos 1-4,text,true,,585,548,2,2,http://www.dneonline.com/calculator.asmx,155,0,0
1614011539524,155,Suma,200,OK,Grupo de Hilos 1-3,text,true,,585,548,2,2,http://www.dneonline.com/calculator.asmx,155,0,0
1614011539581,156,Suma,200,OK,Grupo de Hilos 1-4,text,true,,585,548,2,2,http://www.dneonline.com/calculator.asmx,155,0,0
1614011539680,156,Suma,200,OK,Grupo de Hilos 1-3,text,true,,585,548,2,2,http://www.dneonline.com/calculator.asmx,156,0,0
1614011539737,159,Suma,200,OK,Grupo de Hilos 1-4,text,true,,585,548,1,1,http://www.dneonline.com/calculator.asmx,159,0,0
1614011539896,154,Suma,200,OK,Grupo de Hilos 1-4,text,true,,585,548,1,1,http://www.dneonline.com/calculator.asmx,154,0,0
1614011540051,157,Suma,200,OK,Grupo de Hilos 1-4,text,true,,585,548,2,2,http://www.dneonline.com/calculator.asmx,157,0,0
1614011540208,183,Suma,200,OK,Grupo de Hilos 1-4,text,true,,585,548,2,2,http://www.dneonline.com/calculator.asmx,183,0,0
1614011540126,374,Suma,200,OK,Grupo de Hilos 1-5,text,true,,585,548,2,2,http://www.dneonline.com/calculator.asmx,374,0,194
1614011540391,157,Suma,200,OK,Grupo de Hilos 1-4,text,true,,585,548,2,2,http://www.dneonline.com/calculator.asmx,157,0,0
1614011540500,158,Suma,200,OK,Grupo de Hilos 1-5,text,true,,585,548,2,2,http://www.dneonline.com/calculator.asmx,158,0,0
1614011540549,156,Suma,200,OK,Grupo de Hilos 1-4,text,true,,585,548,2,2,http://www.dneonline.com/calculator.asmx,156,0,0
1614011540658,162,Suma,200,OK,Grupo de Hilos 1-5,text,true,,585,548,2,2,http://www.dneonline.com/calculator.asmx,162,0,0
1614011540705,159,Suma,200,OK,Grupo de Hilos 1-4,text,true,,585,548,2,2,http://www.dneonline.com/calculator.asmx,159,0,0
1614011540820,155,Suma,200,OK,Grupo de Hilos 1-5,text,true,,585,548,1,1,http://www.dneonline.com/calculator.asmx,155,0,0
1614011540975,156,Suma,200,OK,Grupo de Hilos 1-5,text,true,,585,548,2,2,http://www.dneonline.com/calculator.asmx,156,0,0
1614011541132,157,Suma,200,OK,Grupo de Hilos 1-5,text,true,,585,548,2,2,http://www.dneonline.com/calculator.asmx,157,0,0
1614011541111,313,Suma,200,OK,Grupo de Hilos 1-6,text,true,,585,548,2,2,http://www.dneonline.com/calculator.asmx,313,0,154
1614011541289,156,Suma,200,OK,Grupo de Hilos 1-5,text,true,,585,548,2,2,http://www.dneonline.com/calculator.asmx,156,0,0
1614011541424,165,Suma,200,OK,Grupo de Hilos 1-6,text,true,,585,548,2,2,http://www.dneonline.com/calculator.asmx,165,0,0
1614011541445,156,Suma,200,OK,Grupo de Hilos 1-5,text,true,,585,548,2,2,http://www.dneonline.com/calculator.asmx,156,0,0
1614011541590,161,Suma,200,OK,Grupo de Hilos 1-6,text,true,,585,548,2,2,http://www.dneonline.com/calculator.asmx,161,0,0
1614011541601,161,Suma,200,OK,Grupo de Hilos 1-5,text,true,,585,548,2,2,http://www.dneonline.com/calculator.asmx,161,0,0
1614011541751,157,Suma,200,OK,Grupo de Hilos 1-6,text,true,,585,548,2,2,http://www.dneonline.com/calculator.asmx,157,0,0
1614011541763,158,Suma,200,OK,Grupo de Hilos 1-5,text,true,,585,548,2,2,http://www.dneonline.com/calculator.asmx,158,0,0
1614011541908,155,Suma,200,OK,Grupo de Hilos 1-6,text,true,,585,548,1,1,http://www.dneonline.com/calculator.asmx,155,0,0
1614011542064,156,Suma,200,OK,Grupo de Hilos 1-6,text,true,,585,548,2,2,http://www.dneonline.com/calculator.asmx,156,0,0
1614011542221,156,Suma,200,OK,Grupo de Hilos 1-6,text,true,,585,548,2,2,http://www.dneonline.com/calculator.asmx,156,0,0
1614011542109,325,Suma,200,OK,Grupo de Hilos 1-7,text,true,,585,548,2,2,http://www.dneonline.com/calculator.asmx,325,0,165
1614011542378,154,Suma,200,OK,Grupo de Hilos 1-6,text,true,,585,548,2,2,http://www.dneonline.com/calculator.asmx,154,0,0
1614011542434,155,Suma,200,OK,Grupo de Hilos 1-7,text,true,,585,548,2,2,http://www.dneonline.com/calculator.asmx,155,0,0
1614011542533,191,Suma,200,OK,Grupo de Hilos 1-6,text,true,,585,548,2,2,http://www.dneonline.com/calculator.asmx,191,0,0
1614011542589,156,Suma,200,OK,Grupo de Hilos 1-7,text,true,,585,548,2,2,http://www.dneonline.com/calculator.asmx,156,0,0
1614011542725,163,Suma,200,OK,Grupo de Hilos 1-6,text,true,,585,548,2,2,http://www.dneonline.com/calculator.asmx,162,0,0
1614011542746,158,Suma,200,OK,Grupo de Hilos 1-7,text,true,,585,548,1,1,http://www.dneonline.com/calculator.asmx,158,0,0
1614011542905,155,Suma,200,OK,Grupo de Hilos 1-7,text,true,,585,548,1,1,http://www.dneonline.com/calculator.asmx,155,0,0
1614011543060,155,Suma,200,OK,Grupo de Hilos 1-7,text,true,,585,548,2,2,http://www.dneonline.com/calculator.asmx,155,0,0
1614011543215,163,Suma,200,OK,Grupo de Hilos 1-7,text,true,,585,548,2,2,http://www.dneonline.com/calculator.asmx,163,0,0
1614011543109,321,Suma,200,OK,Grupo de Hilos 1-8,text,true,,585,548,2,2,http://www.dneonline.com/calculator.asmx,321,0,154
1614011543379,170,Suma,200,OK,Grupo de Hilos 1-7,text,true,,585,548,2,2,http://www.dneonline.com/calculator.asmx,170,0,0
1614011543430,160,Suma,200,OK,Grupo de Hilos 1-8,text,true,,585,548,2,2,http://www.dneonline.com/calculator.asmx,160,0,0
1614011543549,158,Suma,200,OK,Grupo de Hilos 1-7,text,true,,585,548,2,2,http://www.dneonline.com/calculator.asmx,158,0,0
1614011543590,158,Suma,200,OK,Grupo de Hilos 1-8,text,true,,585,548,2,2,http://www.dneonline.com/calculator.asmx,158,0,0
1614011543707,156,Suma,200,OK,Grupo de Hilos 1-7,text,true,,585,548,2,2,http://www.dneonline.com/calculator.asmx,156,0,0
1614011543749,156,Suma,200,OK,Grupo de Hilos 1-8,text,true,,585,548,1,1,http://www.dneonline.com/calculator.asmx,156,0,0
1614011543905,172,Suma,200,OK,Grupo de Hilos 1-8,text,true,,585,548,1,1,http://www.dneonline.com/calculator.asmx,172,0,0
1614011544077,169,Suma,200,OK,Grupo de Hilos 1-8,text,true,,585,548,2,2,http://www.dneonline.com/calculator.asmx,169,0,0
1614011544247,155,Suma,200,OK,Grupo de Hilos 1-8,text,true,,585,548,2,2,http://www.dneonline.com/calculator.asmx,155,0,0
1614011544109,317,Suma,200,OK,Grupo de Hilos 1-9,text,true,,585,548,2,2,http://www.dneonline.com/calculator.asmx,317,0,155
1614011544403,156,Suma,200,OK,Grupo de Hilos 1-8,text,true,,585,548,2,2,http://www.dneonline.com/calculator.asmx,156,0,0
1614011544426,160,Suma,200,OK,Grupo de Hilos 1-9,text,true,,585,548,2,2,http://www.dneonline.com/calculator.asmx,160,0,0
1614011544559,156,Suma,200,OK,Grupo de Hilos 1-8,text,true,,585,548,2,2,http://www.dneonline.com/calculator.asmx,156,0,0
1614011544586,156,Suma,200,OK,Grupo de Hilos 1-9,text,true,,585,548,2,2,http://www.dneonline.com/calculator.asmx,156,0,0
1614011544715,157,Suma,200,OK,Grupo de Hilos 1-8,text,true,,585,548,2,2,http://www.dneonline.com/calculator.asmx,157,0,0
1614011544742,156,Suma,200,OK,Grupo de Hilos 1-9,text,true,,585,548,1,1,http://www.dneonline.com/calculator.asmx,156,0,0
1614011544898,157,Suma,200,OK,Grupo de Hilos 1-9,text,true,,585,548,1,1,http://www.dneonline.com/calculator.asmx,157,0,0
1614011545056,155,Suma,200,OK,Grupo de Hilos 1-9,text,true,,585,548,2,2,http://www.dneonline.com/calculator.asmx,155,0,0
1614011545212,168,Suma,200,OK,Grupo de Hilos 1-9,text,true,,585,548,2,2,http://www.dneonline.com/calculator.asmx,168,0,0
1614011545107,315,Suma,200,OK,Grupo de Hilos 1-10,text,true,,585,548,2,2,http://www.dneonline.com/calculator.asmx,315,0,156
1614011545381,157,Suma,200,OK,Grupo de Hilos 1-9,text,true,,585,548,2,2,http://www.dneonline.com/calculator.asmx,157,0,0
1614011545422,155,Suma,200,OK,Grupo de Hilos 1-10,text,true,,585,548,2,2,http://www.dneonline.com/calculator.asmx,155,0,0
1614011545538,156,Suma,200,OK,Grupo de Hilos 1-9,text,true,,585,548,2,2,http://www.dneonline.com/calculator.asmx,156,0,0
1614011545578,156,Suma,200,OK,Grupo de Hilos 1-10,text,true,,585,548,2,2,http://www.dneonline.com/calculator.asmx,156,0,0
1614011545695,155,Suma,200,OK,Grupo de Hilos 1-9,text,true,,585,548,2,2,http://www.dneonline.com/calculator.asmx,155,0,0
1614011545734,156,Suma,200,OK,Grupo de Hilos 1-10,text,true,,585,548,1,1,http://www.dneonline.com/calculator.asmx,156,0,0
1614011545891,157,Suma,200,OK,Grupo de Hilos 1-10,text,true,,585,548,1,1,http://www.dneonline.com/calculator.asmx,157,0,0
1614011546048,160,Suma,200,OK,Grupo de Hilos 1-10,text,true,,585,548,1,1,http://www.dneonline.com/calculator.asmx,160,0,0
1614011546208,161,Suma,200,OK,Grupo de Hilos 1-10,text,true,,585,548,1,1,http://www.dneonline.com/calculator.asmx,161,0,0
1614011546370,162,Suma,200,OK,Grupo de Hilos 1-10,text,true,,585,548,1,1,http://www.dneonline.com/calculator.asmx,162,0,0
1614011546532,162,Suma,200,OK,Grupo de Hilos 1-10,text,true,,585,548,1,1,http://www.dneonline.com/calculator.asmx,162,0,0
1614011546694,157,Suma,200,OK,Grupo de Hilos 1-10,text,true,,585,548,1,1,http://www.dneonline.com/calculator.asmx,157,0,0
